,ISBN
0,1844262553
3,0385199570
4,0877017883
5,0439136350
8,0439139597
10,0156528207
15,039480001X
17,0590353403
21,0345272579
33,043935806X
37,0811801802
38,0312853238
42,0679785892
43,0446677450
44,0618129022
47,0894808249
48,0553348981
51,0439064872
54,0375756981
56,0671027344
58,0142000663
59,0375815260
67,0451167716
72,0393312836
73,0618002219
74,0345339681
75,0740704818
76,0689817851
80,0345339703
89,0452283442
91,0440219078
93,0553375407
94,039592720X
97,059035342X
99,0345339711
110,0553296981
114,3423202327
115,0064471101
116,1400032717
117,0811825558
118,0679457526
119,0064400557
120,014032724X
127,0060175966
128,014131088X
131,0140317937
138,0743227441
140,0451191137
148,0140430725
149,3404148665
150,0740723367
151,0449911519
152,0440487617
154,037541309X
156,0375400117
159,0446310786
167,0064471047
168,051513452X
170,055337933X
172,0441001971
174,0064400042
176,0440431808
181,0385504209
187,038533348X
191,0515134449
193,0441790348
194,0441172717
195,0805062971
199,0553236202
203,038548951X
205,193156146X
208,0060955775
210,0385510438
214,0553208845
222,0140296409
224,0525946233
226,0877733759
227,0786868716
229,0440498058
230,0451523377
231,0316769487
238,0441328091
243,0609608444
244,0451169530
245,0393317552
246,0142000671
252,0553379615
255,044022425X
259,0679775439
261,0140620222
262,3257229534
263,0345339738
273,0375701214
275,0446365386
277,0451191145
282,076790382X
284,0440215625
287,0894805770
289,0316666343
290,014038572X
291,185326041X
293,0451524934
302,0060959037
303,0380789019
308,0684853515
309,0142004235
311,0142001740
317,0753804700
319,0743424425
325,0684853507
326,0812548051
330,0440204887
333,0767902513
335,0316316962
337,0860074382
340,0394820371
343,059030271X
348,0874067391
357,0385480016
359,0590988867
366,0441304834
369,0385729332
371,0451125452
374,0684801051
377,3257228007
378,0060916508
379,0375725849
380,0553250531
382,0060392452
383,0385484518
386,0684853523
390,0375504613
391,0385498721
392,0312195516
393,0312950586
397,0060809833
402,0142001430
403,0671461494
412,0380977788
419,0140440046
420,1556590415
422,0743245520
425,0099771519
426,1841219266
431,0679732411
432,0345338588
433,0671704664
440,0440998050
445,0842332251
447,0451157443
459,0671776134
461,0805063897
463,0140067477
465,0553377884
467,0451521358
477,0312306326
479,0316154601
482,1573221112
483,0451526341
493,0140620338
496,0385486804
499,0440414806
500,0446532231
502,0060930187
503,0679723161
504,0515134465
506,3257208626
519,0553212451
520,0375758992
521,0688170528
522,0767903382
524,0441003257
525,0767902521
526,084233226X
528,0385474547
529,0316769509
534,0786866845
535,0446670111
537,0552996009
538,0156007754
540,034536676X
542,0316779237
543,0767902890
545,3492045170
546,0452282152
547,0553274295
553,0553272535
558,068483376X
559,0743237196
562,0060934913
564,0345391810
565,1931561648
566,0330267388
567,0451160959
570,038533558X
571,067168390X
574,0451166582
576,1573229571
577,0385507593
578,0440901588
581,0345350685
584,0786817089
586,0553580272
588,0440222915
594,0440235502
595,0670031909
596,0451143426
599,0316777730
604,0393316041
606,0451173317
613,0375823352
620,0399149864
622,0553573403
625,0679721037
631,0312199430
632,067172262X
642,0060934719
643,0451163524
651,039575514X
656,0670839531
657,0375823468
665,0064472272
667,038549081X
668,0688177743
670,1573225789
672,0446672211
673,0812548094
675,0449005615
677,0440180295
678,0380813815
679,0670856045
682,0060920084
683,0151008116
687,0060915544
690,1558743669
692,0812505018
712,0449911446
713,0393050939
716,0684874350
718,0394575202
724,0060914653
725,0140042598
735,156619301X
755,0446391301
758,0451179285
759,0452278902
762,0345308999
765,1573225517
771,0743418174
773,0451191153
778,0060938455
779,015602943X
780,0515134279
781,0446600253
785,0765342405
787,0380778556
795,0440217563
800,0835902242
820,0316603570
823,0312990456
824,0684195976
825,0345416880
829,1853260010
830,0679735666
832,0385512104
833,0842329285
835,0393319296
836,0684801221
837,0060929790
842,0380789035
843,0385505833
849,0452269571
851,0842329129
853,0451518845
872,0671729411
874,037582345X
882,006000438X
885,0553211404
886,055321215X
904,0743454146
906,0061097861
907,3442541751
908,0345273303
913,0451194861
919,0385496095
921,089480829X
922,0399144463
923,1400031354
924,0842329218
925,0553262505
926,0553278223
927,1592400876
928,0525947647
932,0671617028
938,0684833395
940,186046310X
946,0312924585
949,0345350499
953,0345423291
954,0802130119
957,0671623249
959,0441007813
961,0446611611
967,0375826688
971,0385490445
972,0679731148
974,0671042556
975,0140296298
978,0312265867
979,0679426159
980,0060964049
981,0451192036
987,0425130215
991,0553289691
992,0140053204
994,0801855926
999,0671023616
1000,0671880187
1003,0671250671
1004,0553280414
1008,0375701907
1009,0345333926
1015,1573227331
1022,0451190548
1023,1558745157
1025,1558746218
1027,0312265840
1029,0345409671
1030,0385335830
1031,0060096195
1034,1558745718
1035,0345423402
1036,0062502174
1038,0446530891
1041,0525947299
1042,0553213148
1044,0450411435
1048,0345435028
1050,0553277537
1051,0345348036
1052,0385730586
1053,0380012863
1056,0440343194
1069,0842329242
1070,0140298479
1072,0552143774
1073,1857022424
1074,0385498802
1075,1573226521
1079,0425106403
1084,0385503954
1085,0743469801
1086,0064471837
1088,0345301110
1091,0786867647
1092,0312282990
1093,0413537900
1094,0385722192
1095,0064400026
1097,0064406601
1105,0020442203
1106,0451124340
1112,0399142789
1113,0142437204
1116,0064400018
1118,0060188731
1120,0842329277
1121,0609610597
1122,0671034065
1126,0312983867
1131,0767905385
1132,0449912558
1134,0345423615
1136,0440940001
1137,0743469844
1139,0670879045
1141,0316969443
1145,0374281602
1146,0399501487
1152,0679723110
1157,0553274503
1158,0316693294
1161,185854176X
1185,0345439104
1186,0812570944
1187,0671705091
1191,0679734775
1192,0553802496
1193,006073941X
1199,0345361792
1201,0874776945
1203,0345438329
1204,0451190491
1205,0452266564
1206,000649840X
1209,0064407675
1211,0441010512
1212,0345313860
1213,0446525731
1217,0515102636
1219,014017737X
1227,0316284955
1228,0385420161
1229,006099486X
1231,0060987103
1232,0842329250
